{"assets/images/balitraditionaldance.jpg":["assets/images/balitraditionaldance.jpg"],"assets/images/destinationbali.png":["assets/images/destinationbali.png"],"assets/images/destinationbandung.jpg":["assets/images/destinationbandung.jpg"],"assets/images/destinationpapua.jpg":["assets/images/destinationpapua.jpg"],"assets/images/destinationyogyakarta.png":["assets/images/destinationyogyakarta.png"],"assets/images/firelogo.png":["assets/images/firelogo.png"],"assets/images/logo.png":["assets/images/logo.png"],"assets/images/tanahlot.jpg":["assets/images/tanahlot.jpg"],"assets/images/tripsterlogo.png":["assets/images/tripsterlogo.png"],"assets/images/uluwatu.jpg":["assets/images/uluwatu.jpg"],"assets/images/wetasklogo.png":["assets/images/wetasklogo.png"],"packages/cupertino_icons/assets/CupertinoIcons.ttf":["packages/cupertino_icons/assets/CupertinoIcons.ttf"],"packages/fluttertoast/assets/toastify.css":["packages/fluttertoast/assets/toastify.css"],"packages/fluttertoast/assets/toastify.js":["packages/fluttertoast/assets/toastify.js"]}